"year","provinsi","njop"
2026,"8",8241565000.00000
2026,"9",22567124945.46000
2026,"10",5922262500.00000
2026,"11",110600255000.00000
2026,"12",14998223.52000
2026,"13",18823847.00000
2026,"14",119015044.95000
2026,"15",2026452.15000
2026,"16",10321317777.09000
2026,"17",23183000.00000

